dataset,mae,fmeasure,smeasure,iou
ORSSD,0.095956795,1.6608762971608263e-05,0.038531705429777505,6.328356354161365e-06
